"Date","Outlook"
"2008/09/15","-1"
"2008/09/16","-2"
"2008/09/17","-3"
"2008/09/18","-4"
"2008/09/19","-5"
"2008/09/22","-6"
"2008/09/23","-7"
"2008/09/24","-8"
"2008/09/25","-9"
"2008/09/26","-8"
"2008/09/29","-7"
"2008/09/30","-8"
"2008/10/01","-9"
"2008/10/02","-10"
"2008/10/03","-11"
"2008/10/06","-12"
"2008/10/07","-13"
"2008/10/08","-14"
"2008/10/09","-15"
"2008/10/10","-16"
"2008/10/13","-17"
"2008/10/14","-18"
"2008/10/16","-19"
"2008/10/20","-18"
"2008/10/21","-17"
"2008/10/22","-16"
"2008/10/23","-17"
"2008/10/24","-18"
"2008/10/27","-19"
"2008/10/28","-20"
"2008/10/29","-19"
"2008/10/30","-18"
"2008/10/31","-17"
"2008/11/03","-16"
"2008/11/04","-15"
"2008/11/05","-14"
"2008/11/06","-13"
"2008/11/07","-13"
"2008/11/10","-13"
"2008/11/11","-13"
"2008/11/12","-13"
"2008/11/13","-14"
"2008/11/14","-15"
"2008/11/17","-16"
"2008/11/18","-17"
"2008/11/19","-18"
"2008/11/20","-19"
"2008/11/21","-20"
"2008/11/24","-21"
"2008/11/25","-22"
"2008/11/26","-23"
"2008/11/28","-24"
"2008/12/01","-25"
"2008/12/02","-26"
"2008/12/03","-25"
"2008/12/04","-24"
"2008/12/05","-23"
"2008/12/08","-22"
"2008/12/09","-21"
"2008/12/10","-20"
"2008/12/11","-19"
"2008/12/12","-18"
"2008/12/15","-17"
"2008/12/16","-16"
"2008/12/17","-15"
"2008/12/18","-14"
"2008/12/19","-13"
"2008/12/22","-12"
"2008/12/23","-11"
"2008/12/24","-10"
"2008/12/26","-9"
"2008/12/29","-8"
"2008/12/30","-7"
"2008/12/31","-6"
"2009/01/02","-5"
"2009/01/05","-4"
"2009/01/06","-3"
"2009/01/07","-2"
"2009/01/08","-2"
"2009/01/09","-2"
"2009/01/12","-2"
"2009/01/13","-3"
"2009/01/14","-4"
"2009/01/15","-5"
"2009/01/16","-6"
"2009/01/20","-7"
"2009/01/21","-8"
"2009/01/22","-9"
"2009/01/23","-10"
"2009/01/26","-11"
"2009/01/27","-12"
"2009/01/28","-13"
"2009/01/29","-12"
"2009/01/30","-11"
"2009/02/02","-11"
"2009/02/03","-11"
"2009/02/04","-11"
"2009/02/05","-11"
"2009/02/06","-11"
"2009/02/09","-10"
"2009/02/10","-9"
"2009/02/11","-9"
"2009/02/12","-9"
"2009/02/13","-9"
"2009/02/17","-9"
"2009/02/18","-10"
"2009/02/19","-11"
"2009/02/20","-12"
"2009/02/23","-13"
"2009/02/24","-14"
"2009/02/25","-15"
"2009/02/26","-16"
"2009/02/27","-17"
"2009/03/02","-18"
"2009/03/03","-19"
"2009/03/04","-20"
"2009/03/05","-21"
"2009/03/06","-22"
"2009/03/09","-23"
"2009/03/10","-24"
"2009/03/11","-25"
"2009/03/12","-26"
"2009/03/13","-25"
"2009/03/16","-24"
"2009/03/17","-23"
"2009/03/18","-22"
"2009/03/19","-21"
"2009/03/20","-20"
"2009/03/23","-19"
"2009/03/24","-18"
"2009/03/25","-17"
"2009/03/26","-16"
"2009/03/27","-15"
"2009/03/30","-14"
"2009/03/31","-13"
"2009/04/01","-12"
"2009/04/02","-11"
"2009/04/03","-10"
"2009/04/06","-9"
"2009/04/07","-8"
"2009/04/08","-7"
"2009/04/09","-6"
"2009/04/13","-5"
"2009/04/14","-4"
"2009/04/15","-3"
"2009/04/16","-2"
"2009/04/17","-1"
"2009/04/20","0"
"2009/04/21","1"
"2009/04/22","2"
"2009/04/23","3"
"2009/04/24","4"
"2009/04/27","5"
"2009/04/28","6"
"2009/04/29","7"
"2009/04/30","8"
"2009/05/01","9"
"2009/05/04","10"
"2009/05/05","11"
"2009/05/06","12"
"2009/05/07","13"
"2009/05/08","14"
"2009/05/11","15"
"2009/05/12","16"
"2009/05/13","17"
"2009/05/14","17"
"2009/05/15","17"
"2009/05/18","17"
"2009/05/19","17"
"2009/05/20","17"
"2009/05/21","17"
"2009/05/22","17"
"2009/05/26","17"
"2009/05/27","18"
"2009/05/28","19"
"2009/05/29","20"
"2009/06/01","21"
"2009/06/02","22"
"2009/06/03","23"
"2009/06/04","24"
"2009/06/05","25"
"2009/06/08","26"
"2009/06/09","27"
"2009/06/10","28"
"2009/06/11","29"
"2009/06/12","30"
"2009/06/15","31"
"2009/06/16","31"
"2009/06/17","31"
"2009/06/18","31"
"2009/06/19","31"
"2009/06/22","31"
"2009/06/23","31"
"2009/06/24","31"
"2009/06/25","31"
"2009/06/26","32"
"2009/06/29","33"
"2009/06/30","34"
"2009/07/01","35"
"2009/07/02","36"
"2009/07/06","37"
"2009/07/07","38"
"2009/07/08","38"
"2009/07/09","38"
"2009/07/10","38"
"2009/07/13","38"
"2009/07/14","39"
"2009/07/15","40"
"2009/07/16","41"
"2009/07/17","42"
"2009/07/20","43"
"2009/07/21","44"
"2009/07/22","45"
"2009/07/23","46"
"2009/07/24","47"
"2009/07/27","48"
"2009/07/28","49"
"2009/07/29","50"
"2009/07/30","51"
"2009/07/31","52"
"2009/08/03","53"
"2009/08/04","54"
"2009/08/05","55"
"2009/08/06","56"
"2009/08/07","57"
"2009/08/10","58"
"2009/08/11","59"
"2009/08/12","60"
"2009/08/13","61"
"2009/08/14","62"
"2009/08/17","63"
"2009/08/18","62"
"2009/08/19","61"
"2009/08/20","60"
"2009/08/21","59"
"2009/08/24","60"
"2009/08/25","61"
"2009/08/26","62"
"2009/08/27","63"
"2009/08/28","64"
"2009/08/31","65"
"2009/09/01","66"
"2009/09/02","67"
"2009/09/03","67"
"2009/09/04","67"
"2009/09/08","67"
"2009/09/09","67"
"2009/09/10","68"
"2009/09/11","69"
"2009/09/12","70"
"2009/09/14","71"
"2009/09/15","72"
"2009/09/16","73"
"2009/09/17","74"
"2009/09/18","75"
"2009/09/21","76"
"2009/09/22","77"
"2009/09/23","78"
"2009/09/24","79"
"2009/09/25","80"
"2009/09/28","81"
"2009/09/29","82"
"2009/09/30","83"
"2009/10/01","84"
"2009/10/02","84"
"2009/10/05","84"
"2009/10/06","84"
"2009/10/07","84"
"2009/10/08","84"
"2009/10/09","84"
"2009/10/12","84"
"2009/10/13","84"
"2009/10/14","84"
"2009/10/15","85"
"2009/10/16","86"
"2009/10/19","87"
"2009/10/20","88"
"2009/10/21","89"
"2009/10/22","89"
"2009/10/23","89"
"2009/10/26","89"
"2009/10/27","89"
"2009/10/28","88"
"2009/10/29","87"
"2009/10/30","86"
"2009/11/02","85"
"2009/11/03","84"
"2009/11/04","83"
"2009/11/05","82"
"2009/11/06","81"
"2009/11/09","80"
"2009/11/10","81"
"2009/11/11","82"
"2009/11/12","83"
"2009/11/13","84"
"2009/11/16","85"
"2009/11/17","86"
"2009/11/18","87"
"2009/11/19","88"
"2009/11/20","88"
"2009/11/23","88"
"2009/11/24","88"
"2009/11/25","88"
"2009/11/27","88"
"2009/11/30","88"
"2009/12/01","88"
"2009/12/02","88"
"2009/12/03","88"
"2009/12/04","88"
"2009/12/07","88"
"2009/12/08","88"
"2009/12/09","88"
"2009/12/10","88"
"2009/12/11","88"
"2009/12/14","88"
"2009/12/15","88"
"2009/12/16","88"
"2009/12/17","88"
"2009/12/18","88"
"2009/12/21","88"
"2009/12/22","89"
"2009/12/23","90"
"2009/12/24","91"
"2009/12/28","92"
"2009/12/29","93"
"2009/12/30","94"
"2009/12/31","95"
"2010/01/04","96"
"2010/01/05","97"
"2010/01/06","98"
"2010/01/07","99"
"2010/01/08","100"
"2010/01/11","101"
"2010/01/12","102"
"2010/01/13","103"
"2010/01/14","104"
"2010/01/15","105"
"2010/01/19","106"
"2010/01/20","107"
"2010/01/21","107"
"2010/01/22","107"
"2010/01/25","106"
"2010/01/26","105"
"2010/01/27","104"
"2010/01/28","103"
"2010/01/29","102"
"2010/02/01","101"
"2010/02/02","100"
"2010/02/03","99"
"2010/02/04","98"
"2010/02/05","97"
"2010/02/08","96"
"2010/02/09","95"
"2010/02/10","94"
"2010/02/11","93"
"2010/02/12","92"
"2010/02/16","91"
"2010/02/17","90"
"2010/02/18","89"
"2010/02/19","88"
"2010/02/22","87"
"2010/02/23","86"
"2010/02/24","85"
"2010/02/25","84"
"2010/02/26","83"
"2010/03/01","82"
"2010/03/02","83"
"2010/03/03","84"
"2010/03/04","85"
"2010/03/05","86"
"2010/03/08","87"
"2010/03/09","88"
"2010/03/10","89"
"2010/03/11","90"
"2010/03/12","91"
"2010/03/15","92"
"2010/03/16","93"
"2010/03/17","94"
"2010/03/18","95"
"2010/03/19","96"
"2010/03/22","97"
"2010/03/23","98"
"2010/03/24","99"
"2010/03/25","100"
"2010/03/26","101"
"2010/03/29","102"
"2010/03/30","103"
"2010/03/31","104"
"2010/04/01","105"
"2010/04/05","106"
"2010/04/06","107"
"2010/04/07","108"
"2010/04/08","109"
"2010/04/09","110"
"2010/04/12","111"
"2010/04/13","112"
"2010/04/14","113"
"2010/04/15","114"
"2010/04/16","115"
"2010/04/19","116"
"2010/04/20","117"
"2010/04/21","118"
"2010/04/22","119"
"2010/04/23","120"
"2010/04/26","121"
"2010/04/27","122"
"2010/04/28","122"
"2010/04/29","122"
"2010/04/30","122"
"2010/05/03","122"
"2010/05/04","122"
"2010/05/05","121"
"2010/05/06","120"
"2010/05/07","119"
"2010/05/10","118"
"2010/05/11","117"
"2010/05/12","116"
"2010/05/13","115"
"2010/05/14","114"
"2010/05/17","113"
"2010/05/18","112"
"2010/05/20","111"
"2010/05/21","110"
"2010/05/24","109"
"2010/05/25","108"
"2010/05/26","107"
"2010/05/27","106"
"2010/05/28","105"
"2010/06/01","104"
"2010/06/02","103"
"2010/06/03","104"
"2010/06/04","105"
"2010/06/07","105"
"2010/06/08","105"
"2010/06/09","104"
"2010/06/10","103"
"2010/06/11","102"
"2010/06/14","101"
"2010/06/15","100"
"2010/06/16","101"
"2010/06/17","102"
"2010/06/18","103"
"2010/06/21","104"
"2010/06/22","105"
"2010/06/23","106"
"2010/06/24","107"
"2010/06/25","107"
"2010/06/28","107"
"2010/06/29","107"
"2010/06/30","106"
"2010/07/01","105"
"2010/07/02","104"
"2010/07/06","103"
"2010/07/07","102"
"2010/07/08","103"
"2010/07/09","104"
"2010/07/12","105"
"2010/07/13","106"
"2010/07/14","107"
"2010/07/15","108"
"2010/07/16","109"
"2010/07/19","110"
"2010/07/20","111"
"2010/07/21","112"
"2010/07/22","113"
"2010/07/23","114"
"2010/07/26","115"
"2010/07/27","116"
"2010/07/28","117"
"2010/07/29","118"
"2010/07/30","119"
"2010/08/02","120"
"2010/08/03","121"
"2010/08/04","122"
"2010/08/05","123"
"2010/08/06","124"
"2010/08/09","125"
"2010/08/10","126"
"2010/08/11","127"
"2010/08/12","127"
"2010/08/13","127"
"2010/08/16","127"
"2010/08/17","127"
"2010/08/18","127"
"2010/08/19","127"
"2010/08/20","127"
"2010/08/23","127"
"2010/08/24","127"
"2010/08/25","126"
"2010/08/26","125"
"2010/08/27","124"
"2010/08/31","123"
"2010/09/01","122"
"2010/09/02","123"
"2010/09/03","124"
"2010/09/07","125"
"2010/09/08","126"
"2010/09/09","127"
"2010/09/10","128"
"2010/09/13","129"
"2010/09/14","130"
"2010/09/15","131"
"2010/09/16","132"
"2010/09/17","133"
"2010/09/20","134"
"2010/09/21","135"
"2010/09/22","136"
"2010/09/23","137"
"2010/09/24","138"
"2010/09/27","139"
"2010/09/28","140"
"2010/09/29","141"
"2010/09/30","142"
"2010/10/01","143"
"2010/10/04","144"
"2010/10/05","145"
"2010/10/06","146"
"2010/10/07","147"
"2010/10/08","148"
"2010/10/11","149"
"2010/10/12","150"
"2010/10/13","151"
"2010/10/14","152"
"2010/10/15","153"
"2010/10/18","154"
"2010/10/19","155"
"2010/10/20","156"
"2010/10/21","157"
"2010/10/22","158"
"2010/10/25","159"
"2010/10/26","160"
"2010/10/27","161"
"2010/10/28","162"
"2010/10/29","163"
"2010/11/01","164"
"2010/11/02","165"
"2010/11/03","166"
"2010/11/04","167"
"2010/11/05","168"
"2010/11/08","169"
"2010/11/09","170"
"2010/11/10","171"
"2010/11/11","172"
"2010/11/12","173"
"2010/11/15","173"
"2010/11/16","173"
"2010/11/17","172"
"2010/11/18","171"
"2010/11/19","170"
"2010/11/22","169"
"2010/11/23","168"
"2010/11/24","167"
"2010/11/26","166"
"2010/11/29","165"
"2010/11/30","164"
"2010/12/01","163"
"2010/12/02","162"
"2010/12/03","161"
"2010/12/06","162"
"2010/12/07","163"
"2010/12/08","164"
"2010/12/09","165"
"2010/12/10","166"
"2010/12/13","167"
"2010/12/14","168"
"2010/12/15","169"
"2010/12/16","169"
"2010/12/17","169"
"2010/12/20","169"
"2010/12/21","170"
"2010/12/22","171"
"2010/12/27","172"
"2010/12/28","173"
"2010/12/29","174"
"2010/12/30","175"
"2010/12/31","176"
"2011/01/03","177"
"2011/01/04","178"
"2011/01/05","179"
"2011/01/06","180"
"2011/01/07","181"
"2011/01/10","182"
"2011/01/11","183"
"2011/01/12","184"
"2011/01/13","185"
"2011/01/14","186"
"2011/01/18","187"
"2011/01/19","188"
"2011/01/20","189"
"2011/01/21","189"
"2011/01/24","189"
"2011/01/25","189"
"2011/01/26","189"
"2011/01/27","190"
"2011/01/28","191"
"2011/01/31","191"
"2011/02/01","191"
"2011/02/02","192"
"2011/02/03","193"
"2011/02/04","194"
"2011/02/07","195"
"2011/02/08","196"
"2011/02/09","197"
"2011/02/10","198"
"2011/02/11","199"
"2011/02/14","200"
"2011/02/15","201"
"2011/02/16","202"
"2011/02/17","203"
"2011/02/18","204"
"2011/02/22","205"
"2011/02/23","205"
"2011/02/24","205"
"2011/02/25","205"
"2011/03/01","205"
"2011/03/02","205"
"2011/03/03","205"
"2011/03/04","205"
"2011/03/07","205"
"2011/03/08","204"
"2011/03/09","203"
"2011/03/10","202"
"2011/03/11","201"
"2011/03/14","200"
"2011/03/15","199"
"2011/03/16","198"
"2011/03/17","197"
"2011/03/18","196"
"2011/03/21","195"
"2011/03/22","194"
"2011/03/23","193"
"2011/03/24","192"
"2011/03/25","191"
"2011/03/28","190"
"2011/03/29","189"
"2011/03/30","190"
"2011/03/31","191"
"2011/04/01","192"
"2011/04/04","193"
"2011/04/05","194"
"2011/04/06","195"
"2011/04/07","196"
"2011/04/08","197"
"2011/04/11","198"
"2011/04/12","199"
"2011/04/13","199"
"2011/04/14","199"
"2011/04/15","199"
"2011/04/18","199"
"2011/04/19","199"
"2011/04/20","199"
"2011/04/21","200"
"2011/04/25","201"
"2011/04/26","202"
"2011/04/27","203"
"2011/04/28","204"
"2011/04/29","205"
"2011/05/02","206"
"2011/05/03","207"
"2011/05/04","207"
"2011/05/05","206"
"2011/05/06","205"
"2011/05/09","204"
"2011/05/10","203"
"2011/05/11","202"
"2011/05/12","201"
"2011/05/13","200"
"2011/05/16","199"
"2011/05/17","198"
"2011/05/18","197"
"2011/05/19","196"
"2011/05/20","195"
"2011/05/23","194"
"2011/05/24","193"
"2011/05/25","192"
"2011/05/26","191"
"2011/05/27","190"
"2011/05/31","189"
"2011/06/01","190"
"2011/06/02","189"
"2011/06/03","188"
"2011/06/06","187"
"2011/06/07","186"
"2011/06/08","185"
"2011/06/09","184"
"2011/06/10","183"
"2011/06/13","182"
"2011/06/14","181"
"2011/06/15","180"
"2011/06/16","179"
"2011/06/17","178"
"2011/06/20","177"
"2011/06/21","176"
"2011/06/22","175"
"2011/06/23","174"
"2011/06/24","173"
"2011/06/27","172"
"2011/06/28","171"
"2011/06/29","170"
"2011/06/30","169"
"2011/07/01","168"
"2011/07/05","169"
"2011/07/06","170"
"2011/07/07","171"
"2011/07/08","172"
"2011/07/11","173"
"2011/07/12","173"
"2011/07/13","173"
"2011/07/14","173"
"2011/07/15","173"
"2011/07/18","173"
"2011/07/19","173"
"2011/07/20","174"
"2011/07/21","175"
"2011/07/22","176"
"2011/07/25","177"
"2011/07/26","177"
"2011/07/27","177"
"2011/07/28","176"
"2011/07/29","175"
"2011/08/01","174"
"2011/08/02","173"
"2011/08/03","172"
"2011/08/04","171"
"2011/08/05","170"
"2011/08/08","169"
"2011/08/09","168"
"2011/08/10","167"
"2011/08/11","166"
"2011/08/12","165"
"2011/08/15","164"
"2011/08/16","163"
"2011/08/17","162"
"2011/08/18","161"
"2011/08/19","160"
"2011/08/22","159"
"2011/08/23","158"
"2011/08/24","159"
"2011/08/25","160"
"2011/08/26","160"
"2011/08/29","161"
"2011/08/30","162"
"2011/08/31","163"
"2011/09/01","164"
"2011/09/02","165"
"2011/09/06","166"
"2011/09/07","167"
"2011/09/08","168"
"2011/09/09","169"
"2011/09/12","170"
"2011/09/13","171"
"2011/09/14","172"
"2011/09/15","173"
"2011/09/16","174"
"2011/09/19","175"
"2011/09/20","176"
"2011/09/21","177"
"2011/09/22","177"
"2011/09/23","176"
"2011/09/26","175"
"2011/09/27","174"
"2011/09/28","173"
"2011/09/29","172"
"2011/09/30","171"
"2011/10/03","170"
"2011/10/04","169"
"2011/10/05","168"
"2011/10/06","167"
"2011/10/07","166"
"2011/10/10","165"
"2011/10/11","164"
"2011/10/12","163"
"2011/10/13","164"
"2011/10/14","165"
"2011/10/17","166"
"2011/10/18","167"
"2011/10/19","168"
"2011/10/20","169"
"2011/10/21","170"
"2011/10/24","171"
"2011/10/25","172"
"2011/10/26","173"
"2011/10/27","174"
"2011/10/28","175"
"2011/10/31","176"
"2011/11/01","177"
"2011/11/02","177"
"2011/11/03","177"
"2011/11/04","177"
"2011/11/07","177"
"2011/11/08","177"
"2011/11/09","178"
"2011/11/10","178"
"2011/11/11","178"
"2011/11/14","178"
"2011/11/15","178"
"2011/11/16","178"
"2011/11/17","178"
"2011/11/18","177"
"2011/11/21","176"
"2011/11/22","175"
"2011/11/23","174"
"2011/11/25","173"
"2011/11/28","172"
"2011/11/29","171"
"2011/11/30","170"
"2011/12/01","169"
"2011/12/02","168"
"2011/12/05","167"
"2011/12/06","166"
"2011/12/07","165"
"2011/12/08","164"
"2011/12/09","163"
"2011/12/12","162"
"2011/12/13","161"
"2011/12/14","160"
"2011/12/15","159"
"2011/12/16","158"
"2011/12/19","157"
"2011/12/20","156"
"2011/12/21","157"
"2011/12/22","158"
"2011/12/23","159"
"2011/12/27","160"
"2011/12/28","161"
"2011/12/29","162"
"2011/12/30","163"
"2012/01/03","164"
"2012/01/04","165"
"2012/01/05","166"
"2012/01/06","167"
"2012/01/09","168"
"2012/01/10","169"
"2012/01/11","170"
"2012/01/12","171"
"2012/01/13","172"
"2012/01/17","173"
"2012/01/18","174"
"2012/01/19","175"
"2012/01/20","176"
"2012/01/23","177"
"2012/01/24","178"
"2012/01/25","179"
"2012/01/26","180"
"2012/01/27","181"
"2012/01/30","182"
"2012/01/31","183"
"2012/02/01","184"
"2012/02/02","185"
"2012/02/03","186"
"2012/02/06","187"
"2012/02/07","188"
"2012/02/08","189"
"2012/02/09","190"
"2012/02/10","191"
"2012/02/13","192"
"2012/02/14","193"
"2012/02/15","194"
"2012/02/16","195"
"2012/02/17","196"
"2012/02/21","197"
"2012/02/22","198"
"2012/02/23","199"
"2012/02/24","200"
"2012/02/27","201"
"2012/02/28","202"
"2012/02/29","203"
"2012/03/01","204"
"2012/03/02","205"
"2012/03/05","206"
"2012/03/06","207"
"2012/03/07","208"
"2012/03/08","209"
"2012/03/09","210"
"2012/03/12","211"
"2012/03/13","212"
"2012/03/14","213"
"2012/03/15","214"
"2012/03/16","215"
"2012/03/19","216"
"2012/03/20","217"
"2012/03/21","218"
"2012/03/22","219"
"2012/03/23","220"
"2012/03/26","221"
"2012/03/27","222"
"2012/03/28","223"
"2012/03/29","223"
"2012/03/30","223"
"2012/04/02","223"
"2012/04/03","223"
"2012/04/04","223"
"2012/04/05","222"
"2012/04/09","221"
"2012/04/10","220"
"2012/04/11","219"
"2012/04/12","218"
"2012/04/13","217"
"2012/04/16","216"
"2012/04/17","215"
"2012/04/18","214"
"2012/04/19","213"
"2012/04/20","212"
"2012/04/23","211"
"2012/04/24","210"
"2012/04/25","209"
"2012/04/26","210"
"2012/04/27","211"
"2012/04/30","212"
"2012/05/01","213"
"2012/05/02","214"
"2012/05/03","215"
"2012/05/04","215"
"2012/05/07","214"
"2012/05/08","213"
"2012/05/09","212"
"2012/05/10","211"
"2012/05/11","210"
"2012/05/14","209"
"2012/05/15","208"
"2012/05/16","207"
"2012/05/17","206"
"2012/05/18","205"
"2012/05/21","204"
"2012/05/22","203"
"2012/05/23","202"
"2012/05/24","201"
"2012/05/25","200"
"2012/05/29","199"
"2012/05/30","198"
"2012/05/31","197"
"2012/06/01","196"
"2012/06/04","195"
"2012/06/05","194"
"2012/06/06","193"
"2012/06/07","192"
"2012/06/08","191"
"2012/06/11","190"
"2012/06/12","189"
"2012/06/13","188"
"2012/06/14","187"
"2012/06/15","186"
"2012/06/18","187"
"2012/06/19","188"
"2012/06/21","189"
"2012/06/22","189"
"2012/06/25","189"
"2012/06/26","188"
"2012/06/27","187"
"2012/06/28","186"
"2012/06/29","185"
"2012/07/02","186"
"2012/07/03","187"
"2012/07/05","188"
"2012/07/06","189"
"2012/07/09","190"
"2012/07/10","191"
"2012/07/11","191"
"2012/07/12","191"
"2012/07/13","191"
"2012/07/16","191"
"2012/07/17","191"
"2012/07/18","191"
"2012/07/19","191"
"2012/07/20","192"
"2012/07/23","192"
"2012/07/24","192"
"2012/07/25","191"
"2012/07/26","190"
"2012/07/27","191"
"2012/07/30","192"
"2012/07/31","193"
"2012/08/01","194"
"2012/08/02","195"
"2012/08/03","196"
"2012/08/06","197"
"2012/08/07","198"
"2012/08/08","199"
"2012/08/10","200"
"2012/08/13","201"
"2012/08/14","202"
"2012/08/15","203"
"2012/08/16","204"
"2012/08/17","205"
"2012/08/20","206"
"2012/08/21","207"
"2012/08/22","208"
"2012/08/23","209"
"2012/08/24","210"
"2012/08/27","211"
"2012/08/28","212"
"2012/08/29","213"
"2012/08/30","214"
"2012/08/31","215"
"2012/09/04","216"
"2012/09/05","217"
"2012/09/06","218"
"2012/09/07","219"
"2012/09/10","220"
"2012/09/11","221"
"2012/09/12","222"
"2012/09/13","223"
"2012/09/14","224"
"2012/09/17","225"
"2012/09/18","226"
"2012/09/20","227"
"2012/09/21","228"
"2012/09/24","229"
"2012/09/25","230"
"2012/09/26","231"
"2012/09/27","232"
"2012/09/28","233"
"2012/10/01","234"
"2012/10/02","235"
"2012/10/03","236"
"2012/10/04","237"
"2012/10/05","238"
"2012/10/08","239"
"2012/10/09","240"
"2012/10/10","240"
"2012/10/11","239"
"2012/10/12","238"
"2012/10/15","237"
"2012/10/16","236"
"2012/10/17","235"
"2012/10/18","234"
"2012/10/19","233"
"2012/10/22","232"
"2012/10/23","231"
"2012/10/24","230"
"2012/10/25","229"
"2012/10/26","228"
"2012/10/29","227"
"2012/10/30","226"
"2012/10/31","225"
"2012/11/01","224"
"2012/11/02","223"
"2012/11/05","222"
"2012/11/06","221"
"2012/11/07","220"
"2012/11/08","219"
"2012/11/09","218"
"2012/11/12","217"
"2012/11/13","216"
"2012/11/14","215"
"2012/11/15","214"
"2012/11/16","213"
"2012/11/19","212"
"2012/11/20","211"
"2012/11/21","210"
"2012/11/23","209"
"2012/11/26","210"
"2012/11/27","211"
"2012/11/28","212"
"2012/11/29","213"
"2012/11/30","214"
"2012/12/03","215"
"2012/12/04","216"
"2012/12/05","217"
"2012/12/06","218"
"2012/12/07","219"
"2012/12/10","220"
"2012/12/11","221"
"2012/12/12","222"
"2012/12/13","223"
"2012/12/14","224"
"2012/12/17","225"
"2012/12/18","226"
"2012/12/19","227"
"2012/12/20","228"
"2012/12/21","229"
"2012/12/24","230"
"2012/12/26","231"
"2012/12/27","231"
"2012/12/28","231"
"2012/12/31","231"
"2013/01/02","232"
"2013/01/03","233"
"2013/01/04","234"
"2013/01/07","235"
"2013/01/08","236"
"2013/01/09","237"
"2013/01/10","238"
"2013/01/11","239"
"2013/01/14","240"
"2013/01/15","241"
"2013/01/16","242"
"2013/01/17","243"
"2013/01/18","244"
"2013/01/22","245"
"2013/01/23","246"
"2013/01/24","247"
"2013/01/28","248"
"2013/01/29","249"
"2013/01/30","250"
"2013/01/31","251"
"2013/02/01","252"
"2013/02/04","253"
"2013/02/05","254"
"2013/02/06","255"
"2013/02/07","256"
"2013/02/08","257"
"2013/02/11","258"
"2013/02/12","259"
"2013/02/13","260"
"2013/02/14","261"
"2013/02/15","262"
"2013/02/19","263"
"2013/02/20","264"
"2013/02/21","264"
"2013/02/22","264"
"2013/02/25","264"
"2013/02/26","263"
"2013/02/27","262"
"2013/02/28","261"
"2013/03/01","260"
"2013/03/04","259"
"2013/03/05","258"
"2013/03/06","259"
"2013/03/07","260"
"2013/03/08","261"
"2013/03/11","262"
"2013/03/12","263"
"2013/03/13","264"
"2013/03/14","265"
"2013/03/15","266"
"2013/03/18","267"
"2013/03/19","268"
"2013/03/20","269"
"2013/03/22","270"
"2013/03/25","271"
"2013/03/26","272"
"2013/03/27","273"
"2013/04/01","274"
"2013/04/02","275"
"2013/04/03","276"
"2013/04/04","276"
"2013/04/05","276"
"2013/04/08","276"
"2013/04/09","276"
"2013/04/10","276"
"2013/04/11","277"
"2013/04/12","278"
"2013/04/15","279"
"2013/04/16","279"
"2013/04/17","279"
"2013/04/18","278"
"2013/04/19","277"
"2013/04/22","276"
"2013/04/23","275"
"2013/04/24","274"
"2013/04/25","273"
"2013/04/26","272"
"2013/04/29","271"
"2013/04/30","272"
"2013/05/01","273"
"2013/05/02","274"
"2013/05/03","275"
"2013/05/06","276"
"2013/05/07","277"
"2013/05/08","278"
"2013/05/09","279"
"2013/05/10","280"
"2013/05/13","281"
"2013/05/14","282"
"2013/05/15","283"
"2013/05/16","284"
"2013/05/17","285"
"2013/05/20","286"
"2013/05/21","287"
"2013/05/22","288"
"2013/05/23","289"
"2013/05/24","290"
"2013/05/28","291"
"2013/05/29","292"
"2013/05/30","293"
"2013/05/31","294"
"2013/06/03","294"
"2013/06/04","294"
"2013/06/05","294"
"2013/06/06","294"
"2013/06/07","294"
"2013/06/10","294"
"2013/06/11","294"
"2013/06/12","293"
"2013/06/13","292"
"2013/06/14","293"
"2013/06/17","294"
"2013/06/18","295"
"2013/06/19","296"
"2013/06/20","297"
"2013/06/21","296"
"2013/06/24","295"
"2013/06/25","294"
"2013/06/26","293"
"2013/06/27","292"
"2013/06/28","291"
"2013/07/01","290"
"2013/07/02","289"
"2013/07/03","288"
"2013/07/05","287"
"2013/07/08","286"
"2013/07/09","285"
"2013/07/10","284"
"2013/07/11","283"
"2013/07/12","284"
"2013/07/15","285"
"2013/07/16","286"
"2013/07/17","287"
"2013/07/18","288"
"2013/07/19","289"
"2013/07/22","290"
"2013/07/23","291"
"2013/07/24","292"
"2013/07/25","293"
"2013/07/26","294"
"2013/07/29","295"
"2013/07/30","296"
"2013/07/31","297"
"2013/08/01","298"
"2013/08/02","299"
"2013/08/05","300"
"2013/08/06","301"
"2013/08/07","301"
"2013/08/08","301"
"2013/08/09","301"
"2013/08/12","301"
"2013/08/13","301"
"2013/08/14","301"
"2013/08/15","301"
"2013/08/16","300"
"2013/08/19","299"
"2013/08/20","298"
"2013/08/21","297"
"2013/08/22","296"
"2013/08/23","295"
"2013/08/26","294"
"2013/08/27","293"
"2013/08/28","292"
"2013/08/29","291"
"2013/08/30","290"
"2013/09/03","289"
"2013/09/04","288"
"2013/09/05","287"
"2013/09/06","286"
"2013/09/09","285"
"2013/09/10","286"
"2013/09/11","287"
"2013/09/12","288"
"2013/09/13","289"
"2013/09/16","288"
"2013/09/17","289"
"2013/09/18","290"
"2013/09/19","291"
"2013/09/20","292"
"2013/09/23","293"
"2013/09/24","294"
"2013/09/25","295"
"2013/09/26","296"
"2013/09/27","297"
"2013/09/30","298"
"2013/10/01","299"
"2013/10/02","300"
"2013/10/03","301"
"2013/10/04","301"
"2013/10/07","301"
"2013/10/08","301"
"2013/10/09","300"
"2013/10/10","299"
"2013/10/11","299"
"2013/10/14","299"
"2013/10/15","299"
"2013/10/16","299"
"2013/10/17","300"
"2013/10/18","301"
"2013/10/21","302"
"2013/10/22","303"
"2013/10/23","304"
"2013/10/24","305"
"2013/10/25","306"
"2013/10/28","307"
"2013/10/29","308"
"2013/10/30","309"
"2013/10/31","310"
"2013/11/01","311"
"2013/11/04","312"
"2013/11/05","313"
"2013/11/06","314"
"2013/11/07","315"
"2013/11/08","315"
"2013/11/11","315"
"2013/11/12","315"
"2013/11/13","315"
"2013/11/14","316"
"2013/11/15","317"
"2013/11/18","318"
"2013/11/19","319"
"2013/11/20","320"
"2013/11/21","321"
"2013/11/22","322"
"2013/11/25","323"
"2013/11/26","324"
"2013/11/27","325"
"2013/11/29","326"
"2013/12/02","327"
"2013/12/03","328"
"2013/12/04","329"
"2013/12/05","330"
"2013/12/06","331"
"2013/12/09","332"
"2013/12/10","333"
"2013/12/11","334"
"2013/12/12","334"
"2013/12/13","334"
"2013/12/16","334"
"2013/12/17","334"
"2013/12/18","334"
"2013/12/19","335"
"2013/12/20","336"
"2013/12/23","337"
"2013/12/24","338"
"2013/12/26","339"
"2013/12/27","340"
"2013/12/30","341"
"2013/12/31","342"
"2014/01/02","343"
"2014/01/03","344"
"2014/01/06","345"
"2014/01/07","346"
"2014/01/08","347"
"2014/01/09","348"
"2014/01/10","349"
"2014/01/13","350"
"2014/01/14","350"
"2014/01/15","351"
"2014/01/16","352"
"2014/01/17","353"
"2014/01/21","354"
"2014/01/22","355"
"2014/01/23","356"
"2014/01/24","357"
"2014/01/27","357"
"2014/01/28","357"
"2014/01/29","357"
"2014/01/30","356"
"2014/01/31","355"
"2014/02/03","354"
"2014/02/04","353"
"2014/02/05","352"
"2014/02/06","351"
"2014/02/07","350"
"2014/02/10","349"
"2014/02/11","348"
"2014/02/12","349"
"2014/02/13","350"
"2014/02/14","351"
"2014/02/18","352"
"2014/02/19","353"
"2014/02/20","354"
"2014/02/21","355"
"2014/02/24","356"
"2014/02/25","357"
"2014/02/26","358"
"2014/02/27","359"
"2014/02/28","360"
"2014/03/03","361"
"2014/03/04","362"
"2014/03/05","363"
"2014/03/06","364"
"2014/03/07","365"
"2014/03/10","366"
"2014/03/11","367"
"2014/03/12","368"
"2014/03/13","369"
"2014/03/14","369"
"2014/03/17","369"
"2014/03/18","369"
"2014/03/19","369"
"2014/03/20","369"
"2014/03/21","369"
"2014/03/24","369"
"2014/03/25","369"
"2014/03/26","369"
"2014/03/27","368"
"2014/03/28","367"
"2014/03/31","366"
"2014/04/01","365"
"2014/04/02","366"
"2014/04/03","367"
"2014/04/04","368"
"2014/04/07","367"
"2014/04/08","366"
"2014/04/09","365"
"2014/04/10","364"
"2014/04/11","363"
"2014/04/14","362"
"2014/04/15","361"
"2014/04/16","360"
"2014/04/17","359"
"2014/04/21","358"
"2014/04/22","357"
"2014/04/23","356"
"2014/04/24","355"
"2014/04/25","354"
"2014/04/28","353"
"2014/04/29","352"
"2014/04/30","351"
"2014/05/01","350"
"2014/05/02","349"
"2014/05/05","348"
"2014/05/06","347"
"2014/05/07","346"
"2014/05/08","345"
"2014/05/09","344"
"2014/05/12","343"
"2014/05/13","342"
"2014/05/14","341"
"2014/05/15","340"
"2014/05/16","339"
"2014/05/19","338"
"2014/05/20","337"
"2014/05/21","336"
"2014/05/22","335"
"2014/05/23","334"
"2014/05/27","333"
"2014/05/28","334"
"2014/05/29","335"
"2014/05/30","336"
"2014/06/02","337"
"2014/06/03","338"
"2014/06/04","339"
"2014/06/05","340"
"2014/06/06","341"
"2014/06/09","342"
"2014/06/10","343"
"2014/06/11","344"
"2014/06/12","345"
"2014/06/13","346"
"2014/06/16","347"
"2014/06/17","348"
"2014/06/18","349"
"2014/06/19","350"
"2014/06/20","351"
"2014/06/23","352"
"2014/06/24","353"
"2014/06/25","354"
"2014/06/26","355"
"2014/06/27","356"
"2014/06/30","357"
"2014/07/02","358"
