"Symbol","Time","AverageVol"
"BITA","09:45:00","138017.169508754"
"BITA","10:00:00","287598.386484514"
"BITA","10:15:00","395476.898169901"
"BITA","10:30:00","503543.259879118"
"BITA","10:45:00","601901.532356774"
"BITA","11:00:00","686336.361068113"
"BITA","11:15:00","755172.123800566"
"BITA","11:30:00","830236.993323239"
"BITA","11:45:00","894346.449456116"
"BITA","12:00:00","949063.404397468"
"BITA","12:15:00","1000571.88093179"
"BITA","12:30:00","1046024.07269782"
"BITA","12:45:00","1091055.48041048"
"BITA","13:00:00","1135966.66410787"
"BITA","13:15:00","1176587.35326098"
"BITA","13:30:00","1220461.60482684"
"BITA","13:45:00","1261878.77808099"
"BITA","14:00:00","1308938.96605101"
"BITA","14:15:00","1351821.36949104"
"BITA","14:30:00","1402315.45589668"
"BITA","14:45:00","1447805.21766748"
"BITA","15:00:00","1498870.36814556"
"BITA","15:15:00","1543398.33779435"
"BITA","15:30:00","1591983.86795787"
"BITA","15:45:00","1642868.68241308"
"BITA","16:00:00","1781502"
"SLXP","09:45:00","75512.4426514792"
"SLXP","10:00:00","186742.318989611"
"SLXP","10:15:00","267139.155724305"
"SLXP","10:30:00","335544.829140959"
"SLXP","10:45:00","388495.332753256"
"SLXP","11:00:00","435372.95470126"
"SLXP","11:15:00","476370.944998154"
"SLXP","11:30:00","524045.723250541"
"SLXP","11:45:00","570604.482676792"
"SLXP","12:00:00","607365.466434636"
"SLXP","12:15:00","641271.181247693"
"SLXP","12:30:00","676186.627379634"
"SLXP","12:45:00","742978.663186205"
"SLXP","13:00:00","783126.353425091"
"SLXP","13:15:00","820070.92469546"
"SLXP","13:30:00","860247.602436323"
"SLXP","13:45:00","920024.662764331"
"SLXP","14:00:00","966462.640932342"
"SLXP","14:15:00","1016369.456837"
"SLXP","14:30:00","1049212.29657755"
"SLXP","14:45:00","1108298.48810842"
"SLXP","15:00:00","1166466.74207668"
"SLXP","15:15:00","1205764.13225755"
"SLXP","15:30:00","1278286.03095502"
"SLXP","15:45:00","1386791.08210726"
"SLXP","16:00:00","1649070"
"XRS","09:45:00","32330.1959980584"
"XRS","10:00:00","75102.4961706488"
"XRS","10:15:00","104034.932716682"
"XRS","10:30:00","126986.969419125"
"XRS","10:45:00","157378.040073351"
"XRS","11:00:00","181471.243460439"
"XRS","11:15:00","202037.984385955"
"XRS","11:30:00","228688.087562699"
"XRS","11:45:00","247547.368561566"
"XRS","12:00:00","266827.079391619"
"XRS","12:15:00","287659.806536864"
"XRS","12:30:00","304777.306806537"
"XRS","12:45:00","324649.051480503"
"XRS","13:00:00","337974.103068874"
"XRS","13:15:00","350286.690982148"
"XRS","13:30:00","369583.562213473"
"XRS","13:45:00","384873.479747586"
"XRS","14:00:00","399751.547651151"
"XRS","14:15:00","418104.59681247"
"XRS","14:30:00","431944.460439027"
"XRS","14:45:00","446796.787740683"
"XRS","15:00:00","465106.935898819"
"XRS","15:15:00","491911.482687018"
"XRS","15:30:00","516879.866539022"
"XRS","15:45:00","543332.625101127"
"XRS","16:00:00","636342"
"TRN","09:45:00","219805.391090889"
"TRN","10:00:00","386330.563280446"
"TRN","10:15:00","536197.875387871"
"TRN","10:30:00","661523.635970158"
"TRN","10:45:00","761589.526755769"
"TRN","11:00:00","856609.380096685"
"TRN","11:15:00","953154.917700292"
"TRN","11:30:00","1033659.99274441"
"TRN","11:45:00","1109231.82412201"
"TRN","12:00:00","1171410.87846993"
"TRN","12:15:00","1232034.56598195"
"TRN","12:30:00","1285712.53136422"
"TRN","12:45:00","1338476.2734918"
"TRN","13:00:00","1400904.66145463"
"TRN","13:15:00","1455496.85009158"
"TRN","13:30:00","1522342.00494718"
"TRN","13:45:00","1593117.132495"
"TRN","14:00:00","1659481.4296647"
"TRN","14:15:00","1739048.53539557"
"TRN","14:30:00","1812411.98332678"
"TRN","14:45:00","1876662.88128434"
"TRN","15:00:00","1945823.27684986"
"TRN","15:15:00","2051232.03081221"
"TRN","15:30:00","2146821.78955864"
"TRN","15:45:00","2282144.64079607"
"TRN","16:00:00","2839150"
"SWKS","09:45:00","101546.473698676"
"SWKS","10:00:00","256741.060421461"
"SWKS","10:15:00","455899.325596564"
"SWKS","10:30:00","587619.817451625"
"SWKS","10:45:00","696249.937318221"
"SWKS","11:00:00","813620.411656842"
"SWKS","11:15:00","928420.551788359"
"SWKS","11:30:00","1035357.41831473"
"SWKS","11:45:00","1132634.21362672"
"SWKS","12:00:00","1206875.45450443"
"SWKS","12:15:00","1268746.20065553"
"SWKS","12:30:00","1334752.62672754"
"SWKS","12:45:00","1401215.86575105"
"SWKS","13:00:00","1464109.87291351"
"SWKS","13:15:00","1534337.25065738"
"SWKS","13:30:00","1603949.45362656"
"SWKS","13:45:00","1672970.84517847"
"SWKS","14:00:00","1754131.27956156"
"SWKS","14:15:00","1853558.14116527"
"SWKS","14:30:00","1937337.63647029"
"SWKS","14:45:00","2024345.27663258"
"SWKS","15:00:00","2107765.41241575"
"SWKS","15:15:00","2213191.7507825"
"SWKS","15:30:00","2347452.1226479"
"SWKS","15:45:00","2486865.34460621"
"SWKS","16:00:00","2969540"
"THRM","09:45:00","43132.3343712575"
"THRM","10:00:00","78130.3808383233"
"THRM","10:15:00","111079.702035928"
"THRM","10:30:00","143198.622754491"
"THRM","10:45:00","171941.389700599"
"THRM","11:00:00","192968.099640719"
"THRM","11:15:00","211958.206946108"
"THRM","11:30:00","229554.211257485"
"THRM","11:45:00","247301.748502994"
"THRM","12:00:00","264758.34251497"
"THRM","12:15:00","278305.386826347"
"THRM","12:30:00","291670.591616766"
"THRM","12:45:00","314376.286467066"
"THRM","13:00:00","333748.256766467"
"THRM","13:15:00","352423.175568862"
"THRM","13:30:00","370582.88239521"
"THRM","13:45:00","389966.975329341"
"THRM","14:00:00","412769.651257485"
"THRM","14:15:00","436723.97748503"
"THRM","14:30:00","461817.831377245"
"THRM","14:45:00","480741.264191617"
"THRM","15:00:00","496755.264670659"
"THRM","15:15:00","517963.814131737"
"THRM","15:30:00","544536.629461078"
"THRM","15:45:00","575697.862035928"
"THRM","16:00:00","683262"
"ACT","09:45:00","75638.8941953064"
"ACT","10:00:00","186193.669363587"
"ACT","10:15:00","298336.43607374"
"ACT","10:30:00","412326.322652682"
"ACT","10:45:00","504914.867154754"
"ACT","11:00:00","577995.69966127"
"ACT","11:15:00","646571.685869084"
"ACT","11:30:00","717300.430485127"
"ACT","11:45:00","787524.207079487"
"ACT","12:00:00","847436.005125787"
"ACT","12:15:00","897500.926749262"
"ACT","12:30:00","950848.140513678"
"ACT","12:45:00","1005431.197068"
"ACT","13:00:00","1054399.80653914"
"ACT","13:15:00","1100816.99863756"
"ACT","13:30:00","1143719.34753242"
"ACT","13:45:00","1189405.66486261"
"ACT","14:00:00","1233191.70779542"
"ACT","14:15:00","1382675.53084584"
"ACT","14:30:00","1510758.01181939"
"ACT","14:45:00","1603585.75170016"
"ACT","15:00:00","1696453.35747737"
"ACT","15:15:00","1784384.23641102"
"ACT","15:30:00","1876155.5300359"
"ACT","15:45:00","1967029.84099068"
"ACT","16:00:00","2296960"
"FB","09:45:00","1636626.12145832"
"FB","10:00:00","3571356.86958661"
"FB","10:15:00","5531304.84715993"
"FB","10:30:00","7351141.58866326"
"FB","10:45:00","8998461.09222802"
"FB","11:00:00","10268912.0277866"
"FB","11:15:00","11440535.6303329"
"FB","11:30:00","12707209.3015653"
"FB","11:45:00","13628595.792617"
"FB","12:00:00","14501376.6059225"
"FB","12:15:00","15405206.7979936"
"FB","12:30:00","16231210.7146967"
"FB","12:45:00","17024117.0177532"
"FB","13:00:00","17753368.4367781"
"FB","13:15:00","18482360.5013862"
"FB","13:30:00","19473253.9761298"
"FB","13:45:00","20339278.274373"
"FB","14:00:00","21362005.8412457"
"FB","14:15:00","22459906.2882994"
"FB","14:30:00","23551947.9855797"
"FB","14:45:00","24538306.0830866"
"FB","15:00:00","25373001.6978078"
"FB","15:15:00","26525240.2202295"
"FB","15:30:00","27759980.0476341"
"FB","15:45:00","29122468.5505765"
"FB","16:00:00","35546458"
"URI","09:45:00","26833.4858018935"
"URI","10:00:00","64656.1869373545"
"URI","10:15:00","107975.475778398"
"URI","10:30:00","147968.299437389"
"URI","10:45:00","184622.777681534"
"URI","11:00:00","220679.284208429"
"URI","11:15:00","249061.160351016"
"URI","11:30:00","277846.964408567"
"URI","11:45:00","303048.898240215"
"URI","12:00:00","325169.891700867"
"URI","12:15:00","345995.939787077"
"URI","12:30:00","369459.399553343"
"URI","12:45:00","388475.692177412"
"URI","13:00:00","406545.526255635"
"URI","13:15:00","425538.058414118"
"URI","13:30:00","448118.420876101"
"URI","13:45:00","472591.700429776"
"URI","14:00:00","494962.178779082"
"URI","14:15:00","521304.614958863"
"URI","14:30:00","545124.48170892"
"URI","14:45:00","573102.429936544"
"URI","15:00:00","601286.302199247"
"URI","15:15:00","632879.801273554"
"URI","15:30:00","667142.392648699"
"URI","15:45:00","714231.675362736"
"URI","16:00:00","1430978"
"JAZZ","09:45:00","35983.7570301666"
"JAZZ","10:00:00","85093.3817090636"
"JAZZ","10:15:00","135176.95775459"
"JAZZ","10:30:00","176285.197359946"
"JAZZ","10:45:00","210972.849879136"
"JAZZ","11:00:00","251227.009055294"
"JAZZ","11:15:00","279958.574370865"
"JAZZ","11:30:00","309289.494373593"
"JAZZ","11:45:00","329757.456939993"
"JAZZ","12:00:00","356106.587374116"
"JAZZ","12:15:00","380133.218395508"
"JAZZ","12:30:00","403523.035061796"
"JAZZ","12:45:00","433685.559692953"
"JAZZ","13:00:00","456873.094152326"
"JAZZ","13:15:00","492459.778702251"
"JAZZ","13:30:00","523566.286965681"
"JAZZ","13:45:00","555586.811127024"
"JAZZ","14:00:00","586333.70657816"
"JAZZ","14:15:00","618166.932399767"
"JAZZ","14:30:00","647018.368652769"
"JAZZ","14:45:00","678679.280001819"
"JAZZ","15:00:00","701597.104851971"
"JAZZ","15:15:00","729961.565421659"
"JAZZ","15:30:00","767953.1606538"
"JAZZ","15:45:00","812904.762190548"
"JAZZ","16:00:00","988688"
"AKRX","09:45:00","38541.71561021"
"AKRX","10:00:00","83560.9726366029"
"AKRX","10:15:00","132524.577411638"
"AKRX","10:30:00","181873.668179561"
"AKRX","10:45:00","211900.273554045"
"AKRX","11:00:00","242429.38745497"
"AKRX","11:15:00","265882.07991505"
"AKRX","11:30:00","291737.176152226"
"AKRX","11:45:00","318962.124399838"
"AKRX","12:00:00","345663.913085676"
"AKRX","12:15:00","370114.738920193"
"AKRX","12:30:00","394131.893012714"
"AKRX","12:45:00","466727.165887384"
"AKRX","13:00:00","534586.467992304"
"AKRX","13:15:00","581959.943046683"
"AKRX","13:30:00","615194.342576258"
"AKRX","13:45:00","647313.586197841"
"AKRX","14:00:00","721698.615468055"
"AKRX","14:15:00","754299.716580746"
"AKRX","14:30:00","781524.664828358"
"AKRX","14:45:00","820837.352424341"
"AKRX","15:00:00","846685.564983073"
"AKRX","15:15:00","879293.549774208"
"AKRX","15:30:00","916857.783045313"
"AKRX","15:45:00","967225.658223006"
"AKRX","16:00:00","1205752"
"AVGO","09:45:00","68390.1518536444"
"AVGO","10:00:00","157555.970767593"
"AVGO","10:15:00","244698.135011132"
"AVGO","10:30:00","319315.51764592"
"AVGO","10:45:00","405746.668086342"
"AVGO","11:00:00","478098.182557352"
"AVGO","11:15:00","551316.977601394"
"AVGO","11:30:00","611581.257419417"
"AVGO","11:45:00","675822.526531798"
"AVGO","12:00:00","723327.624586197"
"AVGO","12:15:00","761933.330093892"
"AVGO","12:30:00","814454.591462588"
"AVGO","12:45:00","854240.111083148"
"AVGO","13:00:00","896228.99215952"
"AVGO","13:15:00","934647.177543316"
"AVGO","13:30:00","981745.981995935"
"AVGO","13:45:00","1030329.32076275"
"AVGO","14:00:00","1071193.08109573"
"AVGO","14:15:00","1137809.60511083"
"AVGO","14:30:00","1196120.55030491"
"AVGO","14:45:00","1254033.0152357"
"AVGO","15:00:00","1332939.92070468"
"AVGO","15:15:00","1410221.65176653"
"AVGO","15:30:00","1485112.50124867"
"AVGO","15:45:00","1578169.36273352"
"AVGO","16:00:00","2017990"
"SNCR","09:45:00","28964.4033724109"
"SNCR","10:00:00","58974.1051516583"
"SNCR","10:15:00","80784.5158815362"
"SNCR","10:30:00","99636.9545239833"
"SNCR","10:45:00","121610.461459183"
"SNCR","11:00:00","142153.169865876"
"SNCR","11:15:00","160827.685375245"
"SNCR","11:30:00","178560.690972073"
"SNCR","11:45:00","190451.887032822"
"SNCR","12:00:00","205108.305120167"
"SNCR","12:15:00","215072.000572566"
"SNCR","12:30:00","229113.101158014"
"SNCR","12:45:00","240322.258541962"
"SNCR","13:00:00","250953.165743405"
"SNCR","13:15:00","264571.698887791"
"SNCR","13:30:00","276069.981362992"
"SNCR","13:45:00","287531.196518802"
"SNCR","14:00:00","298273.305678419"
"SNCR","14:15:00","309171.097579479"
"SNCR","14:30:00","320224.572221984"
"SNCR","14:45:00","328913.151887319"
"SNCR","15:00:00","339907.318818797"
"SNCR","15:15:00","351227.67816092"
"SNCR","15:30:00","366150.980947882"
"SNCR","15:45:00","382512.49572723"
"SNCR","16:00:00","517912"
"AMBA","09:45:00","96495.4207430143"
"AMBA","10:00:00","231931.874992007"
"AMBA","10:15:00","343799.868725622"
"AMBA","10:30:00","420390.320225078"
"AMBA","10:45:00","498333.445424899"
"AMBA","11:00:00","561439.430973848"
"AMBA","11:15:00","631092.732975254"
"AMBA","11:30:00","687270.962593516"
"AMBA","11:45:00","749165.177952555"
"AMBA","12:00:00","791661.676705672"
"AMBA","12:15:00","835055.261142017"
"AMBA","12:30:00","880379.22367159"
"AMBA","12:45:00","933110.014067396"
"AMBA","13:00:00","972642.842317284"
"AMBA","13:15:00","1005872.58686617"
"AMBA","13:30:00","1041042.10307564"
"AMBA","13:45:00","1078353.35264403"
"AMBA","14:00:00","1117782.85165292"
"AMBA","14:15:00","1159603.01355585"
"AMBA","14:30:00","1200455.63802033"
"AMBA","14:45:00","1239396.67152631"
"AMBA","15:00:00","1272776.71315301"
"AMBA","15:15:00","1308054.25538717"
"AMBA","15:30:00","1352701.88106656"
"AMBA","15:45:00","1406606.86738282"
"AMBA","16:00:00","1615966"
"GILD","09:45:00","783429.033424744"
"GILD","10:00:00","1617441.68503121"
"GILD","10:15:00","2280948.0809681"
"GILD","10:30:00","2909275.54357946"
"GILD","10:45:00","3504526.34238689"
"GILD","11:00:00","4028213.87768445"
"GILD","11:15:00","4489701.50007174"
"GILD","11:30:00","4948548.72933976"
"GILD","11:45:00","5371851.10123582"
"GILD","12:00:00","5723066.43598695"
"GILD","12:15:00","6071239.57866588"
"GILD","12:30:00","6416219.85466525"
"GILD","12:45:00","6737156.76832037"
"GILD","13:00:00","7020066.28107291"
"GILD","13:15:00","7309232.37752113"
"GILD","13:30:00","7630456.29042834"
"GILD","13:45:00","7940867.50651288"
"GILD","14:00:00","8244003.29155681"
"GILD","14:15:00","8631093.53281981"
"GILD","14:30:00","8989763.6731441"
"GILD","14:45:00","9424452.74036703"
"GILD","15:00:00","9799051.3391826"
"GILD","15:15:00","10217051.3998962"
"GILD","15:30:00","10652953.0389592"
"GILD","15:45:00","11193917.9292329"
"GILD","16:00:00","14102354"
"FL","09:45:00","48690.4779969651"
"FL","10:00:00","125110.424255172"
"FL","10:15:00","199242.078742169"
"FL","10:30:00","261900.135443742"
"FL","10:45:00","311766.898255683"
"FL","11:00:00","364114.78641506"
"FL","11:15:00","409045.009675626"
"FL","11:30:00","455511.473760123"
"FL","11:45:00","505905.315013747"
"FL","12:00:00","545198.370062651"
"FL","12:15:00","578680.70668129"
"FL","12:30:00","608171.388272059"
"FL","12:45:00","643903.449946664"
"FL","13:00:00","673914.782193242"
"FL","13:15:00","703174.06349254"
"FL","13:30:00","730678.559248186"
"FL","13:45:00","780641.73884824"
"FL","14:00:00","819915.510539521"
"FL","14:15:00","865141.4119503"
"FL","14:30:00","909422.428837573"
"FL","14:45:00","960748.299042954"
"FL","15:00:00","1015750.86276837"
"FL","15:15:00","1085498.76728917"
"FL","15:30:00","1159848.96649589"
"FL","15:45:00","1259794.60905362"
"FL","16:00:00","1711308"
"SLCA","09:45:00","65727.4123350737"
"SLCA","10:00:00","171954.959517502"
"SLCA","10:15:00","259262.048584141"
"SLCA","10:30:00","346169.078213009"
"SLCA","10:45:00","422450.999832823"
"SLCA","11:00:00","493855.726248039"
"SLCA","11:15:00","557653.440118567"
"SLCA","11:30:00","612944.007709421"
"SLCA","11:45:00","667163.827981533"
"SLCA","12:00:00","739262.775185823"
"SLCA","12:15:00","800783.680197269"
"SLCA","12:30:00","852273.683129292"
"SLCA","12:45:00","897609.830592063"
"SLCA","13:00:00","941145.710584861"
"SLCA","13:15:00","984352.129864201"
"SLCA","13:30:00","1029888.30704586"
"SLCA","13:45:00","1077877.78989738"
"SLCA","14:00:00","1129720.78645097"
"SLCA","14:15:00","1191076.96110568"
"SLCA","14:30:00","1254480.49876546"
"SLCA","14:45:00","1309341.59078342"
"SLCA","15:00:00","1367838.51710347"
"SLCA","15:15:00","1428118.06121242"
"SLCA","15:30:00","1504341.15056197"
"SLCA","15:45:00","1603414.69368072"
"SLCA","16:00:00","1829966"
"ALXN","09:45:00","25987.8619487434"
"ALXN","10:00:00","71400.0763707919"
"ALXN","10:15:00","118902.74583843"
"ALXN","10:30:00","164418.833803117"
"ALXN","10:45:00","203721.985498768"
"ALXN","11:00:00","238311.87519722"
"ALXN","11:15:00","273109.511980949"
"ALXN","11:30:00","300999.55817925"
"ALXN","11:45:00","331168.330219173"
"ALXN","12:00:00","357045.826528864"
"ALXN","12:15:00","381371.711795399"
"ALXN","12:30:00","404509.543418013"
"ALXN","12:45:00","425323.204524101"
"ALXN","13:00:00","443455.629810846"
"ALXN","13:15:00","464035.575445999"
"ALXN","13:30:00","486199.592606381"
"ALXN","13:45:00","511960.231180604"
"ALXN","14:00:00","536331.561122043"
"ALXN","14:15:00","566928.811525348"
"ALXN","14:30:00","595247.336087031"
"ALXN","14:45:00","623059.477128354"
"ALXN","15:00:00","648443.574110514"
"ALXN","15:15:00","677924.18393046"
"ALXN","15:30:00","715364.103955043"
"ALXN","15:45:00","766411.458065202"
"ALXN","16:00:00","1098638"
"CAR","09:45:00","52695.8611377235"
"CAR","10:00:00","114858.50284702"
"CAR","10:15:00","181792.795502612"
"CAR","10:30:00","239604.653531209"
"CAR","10:45:00","295142.735163862"
"CAR","11:00:00","348155.613202943"
"CAR","11:15:00","403966.985267801"
"CAR","11:30:00","453022.617848557"
"CAR","11:45:00","501586.327651344"
"CAR","12:00:00","541645.239203919"
"CAR","12:15:00","583770.226423962"
"CAR","12:30:00","626562.042298585"
"CAR","12:45:00","663543.703584534"
"CAR","13:00:00","704138.26438423"
"CAR","13:15:00","739321.674626272"
"CAR","13:30:00","777265.318233582"
"CAR","13:45:00","920808.384844815"
"CAR","14:00:00","1026642.83762043"
"CAR","14:15:00","1098534.61871622"
"CAR","14:30:00","1154663.00768244"
"CAR","14:45:00","1202816.78183692"
"CAR","15:00:00","1276479.48493339"
"CAR","15:15:00","1354039.3095931"
"CAR","15:30:00","1429893.80195586"
"CAR","15:45:00","1524419.49664684"
"CAR","16:00:00","1814244"
"ULTA","09:45:00","65046.5164525463"
"ULTA","10:00:00","133665.505642841"
"ULTA","10:15:00","194551.779630658"
"ULTA","10:30:00","244524.712162901"
"ULTA","10:45:00","295127.100218365"
"ULTA","11:00:00","326441.470353685"
"ULTA","11:15:00","361286.627430514"
"ULTA","11:30:00","394639.433001958"
"ULTA","11:45:00","429405.387065931"
"ULTA","12:00:00","458151.912152881"
"ULTA","12:15:00","484826.653166713"
"ULTA","12:30:00","510717.701211238"
"ULTA","12:45:00","537946.86331506"
"ULTA","13:00:00","565955.549808565"
"ULTA","13:15:00","588966.109332921"
"ULTA","13:30:00","608871.077037414"
"ULTA","13:45:00","638572.206858255"
"ULTA","14:00:00","667343.743422948"
"ULTA","14:15:00","695214.866788862"
"ULTA","14:30:00","720568.168061894"
"ULTA","14:45:00","745250.328015465"
"ULTA","15:00:00","769557.315802879"
"ULTA","15:15:00","797386.753372553"
"ULTA","15:30:00","830793.750479109"
"ULTA","15:45:00","873450.825771272"
"ULTA","16:00:00","998404"
"ATHM","09:45:00","94203.835355286"
"ATHM","10:00:00","195106.286828423"
"ATHM","10:15:00","266873.395147314"
"ATHM","10:30:00","325699.544194107"
"ATHM","10:45:00","390153.059792028"
"ATHM","11:00:00","435575.363951473"
"ATHM","11:15:00","507302.796360485"
"ATHM","11:30:00","566545.542461005"
"ATHM","11:45:00","625219.600519931"
"ATHM","12:00:00","672850.530329289"
"ATHM","12:15:00","702369.407279029"
"ATHM","12:30:00","729177.097053726"
"ATHM","12:45:00","760679.7694974"
"ATHM","13:00:00","798133.828422877"
"ATHM","13:15:00","834199.2305026"
"ATHM","13:30:00","885486.956672444"
"ATHM","13:45:00","912089.6542461"
"ATHM","14:00:00","952737.623916811"
"ATHM","14:15:00","987526.784228769"
"ATHM","14:30:00","1025456.95407279"
"ATHM","14:45:00","1068247.42287695"
"ATHM","15:00:00","1101905.81975737"
"ATHM","15:15:00","1162656.25043328"
"ATHM","15:30:00","1211292.30329289"
"ATHM","15:45:00","1263479.35008666"
"ATHM","16:00:00","1373580"
"ODFL","09:45:00","12441.776430012"
"ODFL","10:00:00","33220.7597112209"
"ODFL","10:15:00","52597.4017478736"
"ODFL","10:30:00","67786.2302048929"
"ODFL","10:45:00","82014.5509601613"
"ODFL","11:00:00","94994.2117031538"
"ODFL","11:15:00","108812.715839009"
"ODFL","11:30:00","124436.974454155"
"ODFL","11:45:00","136123.151492123"
"ODFL","12:00:00","146688.736211382"
"ODFL","12:15:00","156076.098149826"
"ODFL","12:30:00","165553.107473767"
"ODFL","12:45:00","174684.334025078"
"ODFL","13:00:00","182490.059947973"
"ODFL","13:15:00","190391.836641043"
"ODFL","13:30:00","198953.161955982"
"ODFL","13:45:00","208398.154356531"
"ODFL","14:00:00","218534.712302341"
"ODFL","14:15:00","230272.116417736"
"ODFL","14:30:00","242656.262385643"
"ODFL","14:45:00","257537.728378102"
"ODFL","15:00:00","271554.737438985"
"ODFL","15:15:00","287588.812673545"
"ODFL","15:30:00","307625.003332067"
"ODFL","15:45:00","335742.265454652"
"ODFL","16:00:00","438158"
"TMH","09:45:00","11731.1487320757"
"TMH","10:00:00","42394.2438448484"
"TMH","10:15:00","74244.2040976953"
"TMH","10:30:00","93581.4215018324"
"TMH","10:45:00","109126.460043781"
"TMH","11:00:00","125597.832353592"
"TMH","11:15:00","154241.809331726"
"TMH","11:30:00","168527.612907986"
"TMH","11:45:00","185324.649433062"
"TMH","12:00:00","208779.709914652"
"TMH","12:15:00","220409.540890867"
"TMH","12:30:00","232401.220995155"
"TMH","12:45:00","244211.976535406"
"TMH","13:00:00","260147.812135672"
"TMH","13:15:00","275996.8039452"
"TMH","13:30:00","295471.524018004"
"TMH","13:45:00","307289.516540817"
"TMH","14:00:00","320004.894901247"
"TMH","14:15:00","333646.60702954"
"TMH","14:30:00","357036.534668077"
"TMH","14:45:00","373768.4383501"
"TMH","15:00:00","387171.330053865"
"TMH","15:15:00","411863.914553459"
"TMH","15:30:00","428957.667363554"
"TMH","15:45:00","456689.784538948"
"TMH","16:00:00","588468"
"SAVE","09:45:00","19527.5905232573"
"SAVE","10:00:00","51393.5379780725"
"SAVE","10:15:00","82127.3679128519"
"SAVE","10:30:00","109160.265447108"
"SAVE","10:45:00","138049.375971068"
"SAVE","11:00:00","162318.067783815"
"SAVE","11:15:00","183581.188718498"
"SAVE","11:30:00","201246.81946261"
"SAVE","11:45:00","225210.931434942"
"SAVE","12:00:00","247152.173523758"
"SAVE","12:15:00","276368.8510459"
"SAVE","12:30:00","296597.549881058"
"SAVE","12:45:00","313510.351208293"
"SAVE","13:00:00","332377.060945743"
"SAVE","13:15:00","349238.141168002"
"SAVE","13:30:00","361225.94394361"
"SAVE","13:45:00","375207.882655524"
"SAVE","14:00:00","392655.135400848"
"SAVE","14:15:00","411924.120399224"
"SAVE","14:30:00","430256.378718586"
"SAVE","14:45:00","449496.629769753"
"SAVE","15:00:00","467110.539408889"
"SAVE","15:15:00","489195.45123375"
"SAVE","15:30:00","513418.168730963"
"SAVE","15:45:00","544703.690452155"
"SAVE","16:00:00","654680"
"CP","09:45:00","23862.5142548693"
"CP","10:00:00","49858.3751338221"
"CP","10:15:00","76708.7216229589"
"CP","10:30:00","108955.517502586"
"CP","10:45:00","130604.397894832"
"CP","11:00:00","152849.697773379"
"CP","11:15:00","172525.806018623"
"CP","11:30:00","195545.304268814"
"CP","11:45:00","211545.40394944"
"CP","12:00:00","226949.084143763"
"CP","12:15:00","244291.127668571"
"CP","12:30:00","257825.262165445"
"CP","12:45:00","276256.918213306"
"CP","13:00:00","291081.383329585"
"CP","13:15:00","302487.906005128"
"CP","13:30:00","317541.763231524"
"CP","13:45:00","335870.192829832"
"CP","14:00:00","355506.157455805"
"CP","14:15:00","378726.373802348"
"CP","14:30:00","402600.357662723"
"CP","14:45:00","419867.848751743"
"CP","15:00:00","444797.036318654"
"CP","15:15:00","469204.35683505"
"CP","15:30:00","491501.269938374"
"CP","15:45:00","532843.462984121"
"CP","16:00:00","637452"
"ILMN","09:45:00","35567.4507443292"
"ILMN","10:00:00","84994.3537999962"
"ILMN","10:15:00","133446.325746718"
"ILMN","10:30:00","170795.305280055"
"ILMN","10:45:00","211574.078426876"
"ILMN","11:00:00","250985.142464026"
"ILMN","11:15:00","293173.708077739"
"ILMN","11:30:00","327359.421926656"
"ILMN","11:45:00","356698.535802328"
"ILMN","12:00:00","384452.509889354"
"ILMN","12:15:00","409253.635078064"
"ILMN","12:30:00","441005.528101053"
"ILMN","12:45:00","470744.43387032"
"ILMN","13:00:00","490523.611764031"
"ILMN","13:15:00","514974.042309236"
"ILMN","13:30:00","534402.525559441"
"ILMN","13:45:00","555156.634562097"
"ILMN","14:00:00","579733.315178964"
"ILMN","14:15:00","610313.888092645"
"ILMN","14:30:00","640803.280399014"
"ILMN","14:45:00","673305.659959105"
"ILMN","15:00:00","704503.455445355"
"ILMN","15:15:00","740253.267404307"
"ILMN","15:30:00","782820.583233007"
"ILMN","15:45:00","838405.68422863"
"ILMN","16:00:00","1101090"
"FLT","09:45:00","13318.793090729"
"FLT","10:00:00","39646.6398979839"
"FLT","10:15:00","69395.6988839356"
"FLT","10:30:00","94400.1138195959"
"FLT","10:45:00","124078.777493229"
"FLT","11:00:00","149238.062115991"
"FLT","11:15:00","174636.690800637"
"FLT","11:30:00","195466.663715788"
"FLT","11:45:00","217781.977720868"
"FLT","12:00:00","236873.186421744"
"FLT","12:15:00","257161.11543204"
"FLT","12:30:00","276301.600851539"
"FLT","12:45:00","293872.270806328"
"FLT","13:00:00","307050.273272419"
"FLT","13:15:00","323205.997449598"
"FLT","13:30:00","338305.791941994"
"FLT","13:45:00","354672.70205613"
"FLT","14:00:00","369786.57561099"
"FLT","14:15:00","387779.617439691"
"FLT","14:30:00","406708.916922234"
"FLT","14:45:00","427552.968899849"
"FLT","15:00:00","446735.69150674"
"FLT","15:15:00","470705.295351313"
"FLT","15:30:00","503051.94136183"
"FLT","15:45:00","533413.439564956"
"FLT","16:00:00","667960"
"STZ","09:45:00","28500.1329509292"
"STZ","10:00:00","58986.7450333294"
"STZ","10:15:00","92301.1685852355"
"STZ","10:30:00","117062.046700454"
"STZ","10:45:00","146946.872457733"
"STZ","11:00:00","171403.93611755"
"STZ","11:15:00","199617.78237012"
"STZ","11:30:00","226493.676501788"
"STZ","11:45:00","258470.147932791"
"STZ","12:00:00","283692.590316793"
"STZ","12:15:00","308698.857030605"
"STZ","12:30:00","333605.799787844"
"STZ","12:45:00","363402.98675991"
"STZ","13:00:00","383209.352217813"
"STZ","13:15:00","399971.730536021"
"STZ","13:30:00","435564.762503438"
"STZ","13:45:00","466267.550256027"
"STZ","14:00:00","488743.977370055"
"STZ","14:15:00","516788.388637882"
"STZ","14:30:00","540497.601330557"
"STZ","14:45:00","569190.539608952"
"STZ","15:00:00","598263.2459566"
"STZ","15:15:00","631086.892311319"
"STZ","15:30:00","662654.382744667"
"STZ","15:45:00","711790.528320172"
"STZ","16:00:00","892268"
"UA","09:45:00","118301.225042787"
"UA","10:00:00","243324.898140144"
"UA","10:15:00","341143.762709262"
"UA","10:30:00","449188.056699716"
"UA","10:45:00","540763.298005404"
"UA","11:00:00","637107.886243904"
"UA","11:15:00","714482.192296547"
"UA","11:30:00","796644.746260598"
"UA","11:45:00","865847.52923285"
"UA","12:00:00","946687.014695065"
"UA","12:15:00","1016431.62572045"
"UA","12:30:00","1080216.12816137"
"UA","12:45:00","1135495.19023334"
"UA","13:00:00","1187857.20127508"
"UA","13:15:00","1238940.24609837"
"UA","13:30:00","1288410.40741465"
"UA","13:45:00","1349498.37024231"
"UA","14:00:00","1399270.94721616"
"UA","14:15:00","1466407.22319507"
"UA","14:30:00","1524282.01966112"
"UA","14:45:00","1589868.41539502"
"UA","15:00:00","1655921.03526766"
"UA","15:15:00","1729634.85179855"
"UA","15:30:00","1820813.17255369"
"UA","15:45:00","1933992.23239651"
"UA","16:00:00","2543700"
"CDW","09:45:00","9806.38522184014"
"CDW","10:00:00","24123.9416883335"
"CDW","10:15:00","39073.4131929883"
"CDW","10:30:00","51612.2458483603"
"CDW","10:45:00","61330.865092678"
"CDW","11:00:00","71669.6972448209"
"CDW","11:15:00","117688.324792418"
"CDW","11:30:00","130268.114903967"
"CDW","11:45:00","144848.969303028"
"CDW","12:00:00","154146.311855238"
"CDW","12:15:00","161577.164618804"
"CDW","12:30:00","170710.677346305"
"CDW","12:45:00","185946.8510442"
"CDW","13:00:00","197450.045164808"
"CDW","13:15:00","211673.98458861"
"CDW","13:30:00","221053.242053175"
"CDW","13:45:00","230836.223014342"
"CDW","14:00:00","244966.545395454"
"CDW","14:15:00","264596.869034639"
"CDW","14:30:00","274947.403317118"
"CDW","14:45:00","285953.256898432"
"CDW","15:00:00","306824.006353267"
"CDW","15:15:00","325032.521156588"
"CDW","15:30:00","346306.994108026"
"CDW","15:45:00","376469.235049904"
"CDW","16:00:00","558098"
"BIIB","09:45:00","37990.6567835655"
"BIIB","10:00:00","95116.1194644696"
"BIIB","10:15:00","152807.031492222"
"BIIB","10:30:00","199724.248631362"
"BIIB","10:45:00","248269.959889425"
"BIIB","11:00:00","291417.514716245"
"BIIB","11:15:00","332717.935010028"
"BIIB","11:30:00","372442.636457261"
"BIIB","11:45:00","406120.799555531"
"BIIB","12:00:00","431603.716786818"
"BIIB","12:15:00","460554.723345439"
"BIIB","12:30:00","484054.798200444"
"BIIB","12:45:00","509062.737980378"
"BIIB","13:00:00","535028.171987642"
"BIIB","13:15:00","561461.044121633"
"BIIB","13:30:00","589801.365385658"
"BIIB","13:45:00","615751.720743672"
"BIIB","14:00:00","641046.154859342"
"BIIB","14:15:00","673578.340614668"
"BIIB","14:30:00","699883.04423004"
"BIIB","14:45:00","727205.556669738"
"BIIB","15:00:00","758229.877500136"
"BIIB","15:15:00","795278.118705621"
"BIIB","15:30:00","832529.921675971"
"BIIB","15:45:00","882266.846224728"
"BIIB","16:00:00","1112744"
"CELG","09:45:00","187772.619116449"
"CELG","10:00:00","427198.381522013"
"CELG","10:15:00","614583.214277433"
"CELG","10:30:00","790224.583399679"
"CELG","10:45:00","943380.806688237"
"CELG","11:00:00","1103627.05727762"
"CELG","11:15:00","1250255.54348885"
"CELG","11:30:00","1390763.46830183"
"CELG","11:45:00","1507894.33865076"
"CELG","12:00:00","1619641.44168739"
"CELG","12:15:00","1726844.98119397"
"CELG","12:30:00","1830829.893904"
"CELG","12:45:00","1934349.4629808"
"CELG","13:00:00","2022060.27473963"
"CELG","13:15:00","2121003.96475628"
"CELG","13:30:00","2208895.74348359"
"CELG","13:45:00","2301466.81096732"
"CELG","14:00:00","2407494.06517878"
"CELG","14:15:00","2538443.05619239"
"CELG","14:30:00","2655140.89843816"
"CELG","14:45:00","2783091.00825981"
"CELG","15:00:00","2892873.32706723"
"CELG","15:15:00","3042668.73522687"
"CELG","15:30:00","3216597.38125457"
"CELG","15:45:00","3415169.85052569"
"CELG","16:00:00","4180770"
"UNP","09:45:00","97358.8263538529"
"UNP","10:00:00","217037.179612116"
"UNP","10:15:00","332480.072742619"
"UNP","10:30:00","433237.19960099"
"UNP","10:45:00","546317.599896411"
"UNP","11:00:00","655886.186518061"
"UNP","11:15:00","745050.780966449"
"UNP","11:30:00","822651.221297167"
"UNP","11:45:00","901961.453739761"
"UNP","12:00:00","969572.735176198"
"UNP","12:15:00","1032586.73325788"
"UNP","12:30:00","1104390.90738361"
"UNP","12:45:00","1166695.44815746"
"UNP","13:00:00","1227233.4402348"
"UNP","13:15:00","1287040.69128508"
"UNP","13:30:00","1345790.85094669"
"UNP","13:45:00","1429570.66442863"
"UNP","14:00:00","1510782.24245621"
"UNP","14:15:00","1604373.85050548"
"UNP","14:30:00","1686408.39901015"
"UNP","14:45:00","1771486.51936542"
"UNP","15:00:00","1863198.06554893"
"UNP","15:15:00","1968807.88039287"
"UNP","15:30:00","2108556.78088972"
"UNP","15:45:00","2269553.92775614"
"UNP","16:00:00","2958664"
"FFIV","09:45:00","40817.6294877764"
"FFIV","10:00:00","110732.804272776"
"FFIV","10:15:00","175318.316048385"
"FFIV","10:30:00","214454.255751645"
"FFIV","10:45:00","247674.097033478"
"FFIV","11:00:00","285205.963403814"
"FFIV","11:15:00","314958.93651449"
"FFIV","11:30:00","342090.198371356"
"FFIV","11:45:00","365728.719906533"
"FFIV","12:00:00","387409.58205153"
"FFIV","12:15:00","407486.370863603"
"FFIV","12:30:00","431245.629101259"
"FFIV","12:45:00","449106.037017841"
"FFIV","13:00:00","468915.480274427"
"FFIV","13:15:00","489949.538656149"
"FFIV","13:30:00","516477.117000624"
"FFIV","13:45:00","538934.143661551"
"FFIV","14:00:00","566522.480177798"
"FFIV","14:15:00","595033.590062985"
"FFIV","14:30:00","622690.918980648"
"FFIV","14:45:00","651348.637718844"
"FFIV","15:00:00","676022.045275262"
"FFIV","15:15:00","708431.225840456"
"FFIV","15:30:00","751404.867872484"
"FFIV","15:45:00","807047.239614537"
"FFIV","16:00:00","981736"
"MMP","09:45:00","5515.65990679928"
"MMP","10:00:00","20824.3199030236"
"MMP","10:15:00","36954.9213755552"
"MMP","10:30:00","53853.3892272687"
"MMP","10:45:00","70973.5649771966"
"MMP","11:00:00","87066.3138817404"
"MMP","11:15:00","102315.491271127"
"MMP","11:30:00","118008.084456942"
"MMP","11:45:00","135014.702502906"
"MMP","12:00:00","149122.895342945"
"MMP","12:15:00","164518.07549457"
"MMP","12:30:00","174732.861341574"
"MMP","12:45:00","185158.540067367"
"MMP","13:00:00","196714.388323083"
"MMP","13:15:00","206858.876543823"
"MMP","13:30:00","220972.476893574"
"MMP","13:45:00","234913.036932524"
"MMP","14:00:00","246187.694683187"
"MMP","14:15:00","260950.196198444"
"MMP","14:30:00","276075.000864442"
"MMP","14:45:00","292973.468716155"
"MMP","15:00:00","310445.132597399"
"MMP","15:15:00","329944.612620848"
"MMP","15:30:00","351542.206412766"
"MMP","15:45:00","381607.960414535"
"MMP","16:00:00","544228"
"VIPS","09:45:00","54309.9101716824"
"VIPS","10:00:00","109713.906142092"
"VIPS","10:15:00","168737.290597824"
"VIPS","10:30:00","224942.76802544"
"VIPS","10:45:00","274660.062228048"
"VIPS","11:00:00","321235.04024129"
"VIPS","11:15:00","362727.608061609"
"VIPS","11:30:00","406478.318082789"
"VIPS","11:45:00","442118.799072709"
"VIPS","12:00:00","473503.795182697"
"VIPS","12:15:00","508711.730624283"
"VIPS","12:30:00","538264.769117799"
"VIPS","12:45:00","566596.502533666"
"VIPS","13:00:00","590768.165528793"
"VIPS","13:15:00","621663.367414933"
"VIPS","13:30:00","647444.354288419"
"VIPS","13:45:00","679872.548485566"
"VIPS","14:00:00","708248.808649055"
"VIPS","14:15:00","736440.600858109"
"VIPS","14:30:00","764479.729932456"
"VIPS","14:45:00","792951.404555137"
"VIPS","15:00:00","820125.442532816"
"VIPS","15:15:00","854601.867120603"
"VIPS","15:30:00","884034.047299142"
"VIPS","15:45:00","928020.112986327"
"VIPS","16:00:00","1048166"
"VRX","09:45:00","145895.207089826"
"VRX","10:00:00","326939.788550756"
"VRX","10:15:00","500873.780335738"
"VRX","10:30:00","630030.274972185"
"VRX","10:45:00","737291.278156029"
"VRX","11:00:00","851470.692916471"
"VRX","11:15:00","924120.420407392"
"VRX","11:30:00","996167.989853683"
"VRX","11:45:00","1061111.37556067"
"VRX","12:00:00","1158308.65227522"
"VRX","12:15:00","1249343.41793729"
"VRX","12:30:00","1348154.99068638"
"VRX","12:45:00","1421938.56896347"
"VRX","13:00:00","1484037.71880008"
"VRX","13:15:00","1558372.20762863"
"VRX","13:30:00","1628382.68922181"
"VRX","13:45:00","1710756.62853984"
"VRX","14:00:00","1783540.88070031"
"VRX","14:15:00","1859726.68521927"
"VRX","14:30:00","1944118.49458047"
"VRX","14:45:00","2031123.92609283"
"VRX","15:00:00","2120531.58384706"
"VRX","15:15:00","2207780.44095193"
"VRX","15:30:00","2291506.03290206"
"VRX","15:45:00","2412494.95831613"
"VRX","16:00:00","2746398"
"AAP","09:45:00","13563.9285342006"
"AAP","10:00:00","47323.198865887"
"AAP","10:15:00","73468.88986178"
"AAP","10:30:00","104202.801926324"
"AAP","10:45:00","131237.460754269"
"AAP","11:00:00","153999.338712031"
"AAP","11:15:00","175334.56668126"
"AAP","11:30:00","197300.675047428"
"AAP","11:45:00","219596.561802906"
"AAP","12:00:00","238214.702608043"
"AAP","12:15:00","254502.887401755"
"AAP","12:30:00","272626.360622928"
"AAP","12:45:00","291990.087351721"
"AAP","13:00:00","307188.569641629"
"AAP","13:15:00","324724.177038381"
"AAP","13:30:00","341091.22188171"
"AAP","13:45:00","354612.135843392"
"AAP","14:00:00","372154.912335564"
"AAP","14:15:00","389131.330289574"
"AAP","14:30:00","405957.197239769"
"AAP","14:45:00","424367.434277733"
"AAP","15:00:00","445487.589384368"
"AAP","15:15:00","471540.082139804"
"AAP","15:30:00","499420.694227281"
"AAP","15:45:00","533911.212291784"
"AAP","16:00:00","687760"
"PRXL","09:45:00","15309.8750834409"
"PRXL","10:00:00","37575.5932980286"
"PRXL","10:15:00","56512.5690890481"
"PRXL","10:30:00","75045.8836722887"
"PRXL","10:45:00","97721.1132570869"
"PRXL","11:00:00","113528.252147212"
"PRXL","11:15:00","131681.3061724"
"PRXL","11:30:00","146183.858840283"
"PRXL","11:45:00","158527.701570914"
"PRXL","12:00:00","169098.945084776"
"PRXL","12:15:00","182191.608606649"
"PRXL","12:30:00","192868.155044279"
"PRXL","12:45:00","206142.173601531"
"PRXL","13:00:00","217438.837256909"
"PRXL","13:15:00","231151.617996529"
"PRXL","13:30:00","242588.685550265"
"PRXL","13:45:00","254575.668372569"
"PRXL","14:00:00","268259.198300031"
"PRXL","14:15:00","286031.991767167"
"PRXL","14:30:00","301061.059053892"
"PRXL","14:45:00","317646.269547417"
"PRXL","15:00:00","333810.268345868"
"PRXL","15:15:00","354584.195140403"
"PRXL","15:30:00","377282.825374928"
"PRXL","15:45:00","402766.132926884"
"PRXL","16:00:00","525836"
"KSU","09:45:00","18814.5197219246"
"KSU","10:00:00","51372.8233623203"
"KSU","10:15:00","82457.2037973737"
"KSU","10:30:00","109515.793985"
"KSU","10:45:00","127934.334338325"
"KSU","11:00:00","152160.572097775"
"KSU","11:15:00","174401.413300775"
"KSU","11:30:00","198083.179428401"
"KSU","11:45:00","214840.806318989"
"KSU","12:00:00","227864.127775148"
"KSU","12:15:00","239578.517429547"
"KSU","12:30:00","250247.96152792"
"KSU","12:45:00","267264.074950789"
"KSU","13:00:00","278873.970049585"
"KSU","13:15:00","291072.334487828"
"KSU","13:30:00","307532.976851967"
"KSU","13:45:00","324356.600303989"
"KSU","14:00:00","355468.479306307"
"KSU","14:15:00","379711.216206115"
"KSU","14:30:00","404734.912416216"
"KSU","14:45:00","424775.868238108"
"KSU","15:00:00","449172.597114594"
"KSU","15:15:00","477402.62626766"
"KSU","15:30:00","507502.557994668"
"KSU","15:45:00","544460.632397279"
"KSU","16:00:00","662160"
"ABC","09:45:00","31943.9165370823"
"ABC","10:00:00","91277.5875091238"
"ABC","10:15:00","161617.690076481"
"ABC","10:30:00","206006.194662181"
"ABC","10:45:00","248030.162736822"
"ABC","11:00:00","287462.85792263"
"ABC","11:15:00","321434.445495224"
"ABC","11:30:00","354246.438450065"
"ABC","11:45:00","387421.209609343"
"ABC","12:00:00","425823.87382184"
"ABC","12:15:00","457547.532163372"
"ABC","12:30:00","491992.027038177"
"ABC","12:45:00","520878.241566437"
"ABC","13:00:00","550515.925232459"
"ABC","13:15:00","581889.761733998"
"ABC","13:30:00","614896.100155501"
"ABC","13:45:00","644145.092888198"
"ABC","14:00:00","676114.922154168"
"ABC","14:15:00","716078.828282187"
"ABC","14:30:00","762909.607565612"
"ABC","14:45:00","803152.07552918"
"ABC","15:00:00","845221.390879376"
"ABC","15:15:00","889422.028180635"
"ABC","15:30:00","950621.415632636"
"ABC","15:45:00","1029363.72054203"
"ABC","16:00:00","1428938"
"CBG","09:45:00","56255.7731014239"
"CBG","10:00:00","115438.630531713"
"CBG","10:15:00","182266.753459061"
"CBG","10:30:00","247199.240821049"
"CBG","10:45:00","307552.931982883"
"CBG","11:00:00","382096.012891311"
"CBG","11:15:00","443683.261020311"
"CBG","11:30:00","496321.994201066"
"CBG","11:45:00","538715.932230793"
"CBG","12:00:00","582301.611737273"
"CBG","12:15:00","620862.463145868"
"CBG","12:30:00","663500.324869668"
"CBG","12:45:00","720446.053562895"
"CBG","13:00:00","762846.960841025"
"CBG","13:15:00","832023.720479867"
"CBG","13:30:00","880599.381842222"
"CBG","13:45:00","924923.80167932"
"CBG","14:00:00","964690.333061471"
"CBG","14:15:00","1012882.68576171"
"CBG","14:30:00","1068267.30281288"
"CBG","14:45:00","1120216.08040183"
"CBG","15:00:00","1177886.61092887"
"CBG","15:15:00","1246673.0926572"
"CBG","15:30:00","1329307.47096042"
"CBG","15:45:00","1445143.34865105"
"CBG","16:00:00","1939730"
"MANH","09:45:00","9370.59955805988"
"MANH","10:00:00","27306.8951718042"
"MANH","10:15:00","43927.0647884212"
"MANH","10:30:00","59649.8757706331"
"MANH","10:45:00","79234.0481493758"
"MANH","11:00:00","91873.2085515413"
"MANH","11:15:00","104240.442094796"
"MANH","11:30:00","117760.645519832"
"MANH","11:45:00","133858.715567341"
"MANH","12:00:00","149287.845541929"
"MANH","12:15:00","162041.215224837"
"MANH","12:30:00","174310.555098884"
"MANH","12:45:00","185660.782189813"
"MANH","13:00:00","195270.677383715"
"MANH","13:15:00","204499.874975141"
"MANH","13:30:00","216350.447486466"
"MANH","13:45:00","246333.10294995"
"MANH","14:00:00","259439.977549442"
"MANH","14:15:00","273547.542989725"
"MANH","14:30:00","291821.027908518"
"MANH","14:45:00","308936.104408353"
"MANH","15:00:00","326285.03800685"
"MANH","15:15:00","343617.655993813"
"MANH","15:30:00","367492.834206165"
"MANH","15:45:00","394718.151320296"
"MANH","16:00:00","492242"
"PII","09:45:00","10975.6301527638"
"PII","10:00:00","26480.470844531"
"PII","10:15:00","47554.0986580717"
"PII","10:30:00","75162.9541351571"
"PII","10:45:00","95834.3337232038"
"PII","11:00:00","116406.457255609"
"PII","11:15:00","133363.570761497"
"PII","11:30:00","152028.933225003"
"PII","11:45:00","169090.526789461"
"PII","12:00:00","184741.639563226"
"PII","12:15:00","197514.326723391"
"PII","12:30:00","210767.622152978"
"PII","12:45:00","226899.343196164"
"PII","13:00:00","239933.230502754"
"PII","13:15:00","251718.581109435"
"PII","13:30:00","265562.188869941"
"PII","13:45:00","279013.99641081"
"PII","14:00:00","292194.155799398"
"PII","14:15:00","310619.214128193"
"PII","14:30:00","326646.455112809"
"PII","14:45:00","343661.032650911"
"PII","15:00:00","361453.986625358"
"PII","15:15:00","378860.364383097"
"PII","15:30:00","401987.025347535"
"PII","15:45:00","431189.201717811"
"PII","16:00:00","585104"
"RHI","09:45:00","16000.7692634383"
"RHI","10:00:00","40676.0909819214"
"RHI","10:15:00","67260.9053791879"
"RHI","10:30:00","91850.4947733174"
"RHI","10:45:00","119666.737102207"
"RHI","11:00:00","146789.326988601"
"RHI","11:15:00","175509.655647037"
"RHI","11:30:00","193786.228429679"
"RHI","11:45:00","213847.592328407"
"RHI","12:00:00","230783.623312066"
"RHI","12:15:00","248195.079003504"
"RHI","12:30:00","266159.897879405"
"RHI","12:45:00","285379.526229935"
"RHI","13:00:00","315689.799812747"
"RHI","13:15:00","343895.734525062"
"RHI","13:30:00","360956.467071417"
"RHI","13:45:00","377167.670221905"
"RHI","14:00:00","397603.138808722"
"RHI","14:15:00","419129.746069129"
"RHI","14:30:00","443664.778529579"
"RHI","14:45:00","467841.293997278"
"RHI","15:00:00","494940.502340666"
"RHI","15:15:00","520777.107361756"
"RHI","15:30:00","555607.8125923"
"RHI","15:45:00","596338.4605079"
"RHI","16:00:00","807466"
"EXP","09:45:00","14113.2484327467"
"EXP","10:00:00","37487.8773046938"
"EXP","10:15:00","64373.2644932445"
"EXP","10:30:00","86308.4824553841"
"EXP","10:45:00","109963.971992659"
"EXP","11:00:00","129666.347665439"
"EXP","11:15:00","147185.031665291"
"EXP","11:30:00","163285.369305236"
"EXP","11:45:00","178634.404665427"
"EXP","12:00:00","194538.139839641"
"EXP","12:15:00","204810.618674024"
"EXP","12:30:00","221276.075178895"
"EXP","12:45:00","234722.279531487"
"EXP","13:00:00","244826.241966672"
"EXP","13:15:00","259297.587747712"
"EXP","13:30:00","272378.673235377"
"EXP","13:45:00","285544.016922641"
"EXP","14:00:00","300401.546118508"
"EXP","14:15:00","320293.502740384"
"EXP","14:30:00","337622.60579114"
"EXP","14:45:00","353505.276415455"
"EXP","15:00:00","374794.514847339"
"EXP","15:15:00","402999.947162933"
"EXP","15:30:00","423973.217346323"
"EXP","15:45:00","454074.459152883"
"EXP","16:00:00","570098"
"ARRS","09:45:00","64138.8206824428"
"ARRS","10:00:00","169338.050587348"
"ARRS","10:15:00","251516.68896077"
"ARRS","10:30:00","325311.437702167"
"ARRS","10:45:00","388987.698956636"
"ARRS","11:00:00","453440.399250918"
"ARRS","11:15:00","508707.990904006"
"ARRS","11:30:00","558730.489043461"
"ARRS","11:45:00","606795.369603814"
"ARRS","12:00:00","654381.170756621"
"ARRS","12:15:00","709334.88279787"
"ARRS","12:30:00","750064.892428922"
"ARRS","12:45:00","780948.994235961"
"ARRS","13:00:00","812692.134980665"
"ARRS","13:15:00","853438.664591288"
"ARRS","13:30:00","894647.753629886"
"ARRS","13:45:00","939739.037867549"
"ARRS","14:00:00","985590.241165455"
"ARRS","14:15:00","1050241.18121458"
"ARRS","14:30:00","1104897.53362356"
"ARRS","14:45:00","1156770.26947491"
"ARRS","15:00:00","1228400.90089257"
"ARRS","15:15:00","1325835.74039935"
"ARRS","15:30:00","1412053.51377776"
"ARRS","15:45:00","1523232.97628718"
"ARRS","16:00:00","2037756"
"WAB","09:45:00","17216.3747581786"
"WAB","10:00:00","35183.5584269339"
"WAB","10:15:00","52373.8180925707"
"WAB","10:30:00","78508.4969537724"
"WAB","10:45:00","95143.8109028961"
"WAB","11:00:00","113744.28556579"
"WAB","11:15:00","128290.39211157"
"WAB","11:30:00","143933.332544105"
"WAB","11:45:00","158244.403257009"
"WAB","12:00:00","168866.717148385"
"WAB","12:15:00","178640.290532151"
"WAB","12:30:00","189406.237432507"
"WAB","12:45:00","202072.057315277"
"WAB","13:00:00","212172.069355817"
"WAB","13:15:00","221070.787139433"
"WAB","13:30:00","233220.833944504"
"WAB","13:45:00","242511.278116248"
"WAB","14:00:00","253492.674530072"
"WAB","14:15:00","266922.360869691"
"WAB","14:30:00","278765.555337395"
"WAB","14:45:00","291764.342650074"
"WAB","15:00:00","304599.910634366"
"WAB","15:15:00","321626.950971617"
"WAB","15:30:00","339515.789362747"
"WAB","15:45:00","362248.977420379"
"WAB","16:00:00","452222"
"CERN","09:45:00","55509.9310827797"
"CERN","10:00:00","129921.286505656"
"CERN","10:15:00","199316.405790986"
"CERN","10:30:00","257685.052091938"
"CERN","10:45:00","339501.327527384"
"CERN","11:00:00","408387.888310289"
"CERN","11:15:00","462780.531774107"
"CERN","11:30:00","509560.208565272"
"CERN","11:45:00","548534.282887412"
"CERN","12:00:00","588217.256940205"
"CERN","12:15:00","626667.361896211"
"CERN","12:30:00","664400.861689711"
"CERN","12:45:00","711442.523163943"
"CERN","13:00:00","744529.647548932"
"CERN","13:15:00","774457.544873406"
"CERN","13:30:00","805525.846112408"
"CERN","13:45:00","841749.081262345"
"CERN","14:00:00","877479.168773568"
"CERN","14:15:00","917562.825282815"
"CERN","14:30:00","958971.816071108"
"CERN","14:45:00","1002291.75395942"
"CERN","15:00:00","1045033.78445861"
"CERN","15:15:00","1105660.12229305"
"CERN","15:30:00","1176873.72349614"
"CERN","15:45:00","1271873.99283534"
"CERN","16:00:00","1716462"
"TMO","09:45:00","46256.4234798407"
"TMO","10:00:00","110355.308090765"
"TMO","10:15:00","166443.576597472"
"TMO","10:30:00","222043.392902702"
"TMO","10:45:00","276282.52093239"
"TMO","11:00:00","337178.554679346"
"TMO","11:15:00","380664.756387955"
"TMO","11:30:00","422671.645714948"
"TMO","11:45:00","459026.445281998"
"TMO","12:00:00","493406.502377363"
"TMO","12:15:00","524772.111600758"
"TMO","12:30:00","564776.346901697"
"TMO","12:45:00","608395.128493564"
"TMO","13:00:00","639935.184931772"
"TMO","13:15:00","678257.749081913"
"TMO","13:30:00","718338.74115737"
"TMO","13:45:00","749467.102168619"
"TMO","14:00:00","783065.635741621"
"TMO","14:15:00","822295.32540879"
"TMO","14:30:00","863088.062120685"
"TMO","14:45:00","908995.591170899"
"TMO","15:00:00","949320.809347095"
"TMO","15:15:00","998877.774131199"
"TMO","15:30:00","1053668.1553597"
"TMO","15:45:00","1129064.24160192"
"TMO","16:00:00","1444088"
